ulasan,label
"Barber recommended di area Nganjuk kota, pelayanan yang baik,ramah, dan tentunya profesional dalam berkerja. kualitas membuktikan. Semoga terus berkembang dan selalu memberikan karyaÂ² terbaik nya",positif
"Barber paling rekomendasi se nganjuk nihh, tempat nya sangat nyaman, bersih dan profesional + perfect cut. Kali ke 3 stylist rambut disini, emang se bagus itu. Pelayanan cukup ramah and friendly sekali. Lokasi nya belakang masjid agung. So, everything is good",positif
layanan bagus potongan bagus untuk jam booking tolong disesuaikan masğŸ™ğŸ¼ jangan yang udah booking duluan harus nunggu lagi satu jamğŸ™ğŸ¼ â€¦,positif
"Uda 2x potong rambut anak ku disini.. Selalu oke, barbernya jg friendly.. Harganya jg ramah di kantong",positif
baru pertama kalo nyoba. potongannya rapi caspernya bayak cocok stylenya. edukasi dan styling rambutnya keren. thank buat mas riko,positif
"kesini awal bulan januari. tempatnya goodvibes, capster ramah, tau apa yang dipengen pelanggan, pengerjaannya pun detail. bener-bener mengutamakan hasil dan kepuasan pelanggan",positif
Satu satunya barber yang aku berani mintak potong aneh aneh wkwkwkw soalnya paling terpercaya di nganjuk mantap lah,positif
"Jan joss barber e, 2X kesana sangat memuaskan. recomend lahhh",positif
"Pootngane kurang mantepp, hargane mahal, karena mungkin banyakn service yang kurang perlu kayak upload di Instagram / story",negatif
"top banget barbernya, suka banget sama hasilnya",positif
Sistem antri nya kurang paham saya gimna. Perasaan udah bokking udah janjian juga jam berapa. Smpek sana masih nunggu 1 jam an. Hadeh,negatif
"yangg item pojok bisa gasih motong gilaa kaliii kauu , jadii jelek nih rambut sialann",negatif
"Barbershop paling rekomen di nganjuk. Karena sistemnya bisa pilih yang potong, jadi tiap potong bisa sama hasilnya karena yang motong sama",positif
"Mas tegar haircut nya rapi bgtğŸ‘ŒğŸ‘Œ pelayanan oke. Orangnya ramah""",positif
Sangat bagus Mantap,positif
Kurang nyaman saja soalnya mas2 stylisnya pada ngomong semua dengan nada kencang2. Perasaan saya tiap antar anak & suami potong di tempat lain tidak pernah seperti ini.,negatif
"baru disini barber yang ramah, tau keinginan customernya",positif
keren tempat nyaman,positif
Barber rekomended di Nganjuk pelayanan mantap sudah tdk diragukan lagi. Mantap mas Ajik sangat puassss pelayanan dan hasilnya,positif
Sangat recommended buat adikku,positif
"nyaman tempatnya, ramah dan bagus hasilnya",positif
"Sesuai rekomendasinya mas Iqbal, Barbernya top bolooo",positif
Mas yoga top. terimakasih sudah membuat saya tampil kece.,positif
"Jangan asal sikat aja, tanya dulu customer, raba kepala customer liat dulu rambut nya lebat apa Ndak",negatif
Selalu cocok sama hasil kapsternya ğŸ‘ Harga juga sangat bersahaba,positif
the best number one jagal rambut daerah nganjukkkk,positif
Babershop rekomended di nganjuk,positif
"tempatnya nyaman, aesthetic, bersih, ac-nya dingin, pelayanannya cepat dan ramah",positif
Best barber SE Nganjuk ini mah,positif
"Suka banget potong di sini, pelayanan bagus juga, orangnya ramah-ramah juga",positif
I'm totally deadass satisfying as i requested,positif
"tempatnya nyaman, bersih, ac-nya dingin, pelayanannya cepat dan ramah.",positif
Sukses terus jik,positif
"Barbershop paling menyala,keren bngt hasil potongannya",positif
"Rekomended, tinggal nyari referensi model di google kasih tukang cukur nya jadi",positif
"Hasilnya suka pelayanan nya bagus,",positif
"Bersih, Ramah, Gercep, Rapi, Tempatnya bersih, Harga terjangkau. Recomended pokoknya",positif
Baik pelayanan. God haircut,positif
Bagusss,positif
"Pokonya wong nganjuk kalo potong harus kesini sihh, asliiii",positif
Bagus bgt kak,positif
Detail. Nyaman. Proffesional . Goodjob,positif
Sangattt profesional,positif
Jos mas irul,positif
"Pelayananya memuaskan, Hasilnya bagus",positif
Makasi kak bagus bgt,positif
"Mantap, hasil potongnya sesui yang di inginkan",positif
ganass,positif
terimakasih cukuran_id telah merenov pacarku,positif
Mantap... Segeralah berpasangan mas,positif
kecewa potongan tidak sesuai,negatif
"Sangat bagus,, sangat recommended bgt",positif
pelayan sangat ramah,positif
Bwagus pelayanannya,positif
"Cukur disini mantap, dapat pijatan",positif
Layanan ok. Hasilnya bagus,positif
terbaik TOP,positif
Pelayanan ramah,positif
kelazzz,positif
terimakasih kalian hebat,positif
Luar biasa,positif
Rapi,positif
Mantaf,positif
Perfect,positif
Goodd barber,positif
tukang cukurnya ramah friendly banget,positif
TUKANG CUKUR PALING TOP DI NGANJUK SIH INI,positif
Sangat bagus dan teliti. Kerja bagus,positif
"Potongannya sangat memuaskan, saya menyukainya",positif
Mantaapp,positif
Pono mah terbaik,positif
Lebih bagus lagi,positif
Lebih kuat mas,positif
Sae mas e,positif
TOPPP,positif
yang terbaik yang terbaik!!!,positif
BarberTopNganjukTerbaik,positif
kuat mas,positif